playerID,playerFName,playerLName,statAppearances,statGoalsScored,statAssistsProvided,statDribblesPer90,statInterceptionsPer90,statTacklesPer90,statDuelsWonPer90,statSavePercentage,statCleanSheets
1,Alejandro,Gomez,2,0,0,0.83,0.83,1.65,6.67,0,0
2,Alexis,Mac Allister,6,1,1,0.97,0.49,1.46,1.9,0,0
3,Angel,Correa,1,0,0,0,0,0,6.21,0,0
4,Angel,Di Maria,5,1,1,6.83,0.31,0.93,5.07,0,0
5,Cristian,Romero,7,0,0,0.16,0.49,0.82,8.68,0,0
6,Emiliano,Martinez,7,0,0,0,0,0,4.47,0,0
7,Enzo,Fernandez,7,1,1,0.8,0.48,3.52,5.39,0,0
8,Exequiel,Palacios,3,0,0,0,3.83,1.91,7.11,0,0
9,Franco,Armani,0,0,0,0,0,0,1.58,0,0
10,German,Pezzella,3,0,0,0,0,0,6.92,0,0
11,Geronimo,Rulli,0,0,0,0,0,0,5.09,0,0
12,Gonzalo,Montiel,4,0,0,0.77,0.77,2.31,3.39,0,0
13,Guido,Rodriguez,1,0,0,0,0,3.16,7.97,0,0
14,Juan,Foyth,1,0,0,0,0,0,9.17,0,0
15,Julian,Alvarez,7,4,0,0.58,0,0.77,7.69,0,0
16,Lautaro,Martinez,6,0,0,1.89,0.38,0,4.19,0,0
17,Leandro,Paredes,5,0,0,0.4,1.21,4.02,5.25,0,0
18,Lionel,Messi,7,7,3,3.78,0,0.65,4.87,0,0
19,Lisandro,Martinez,5,0,0,0.3,0.9,1.5,0,0,0
20,Marcos,Acuna,6,0,0,1.45,0.48,2.9,8.94,0,0
21,Nahuel,Molina,7,1,1,0.32,0.47,1.42,4.38,0,0
22,Nicolas,Otamendi,7,0,1,0.33,1.17,1.3,7.17,0,0
23,Nicolas,Tagliafico,6,0,0,0.48,2.17,1.69,4.15,0,0
24,Paulo,Dybala,2,0,0,5.62,0,0,3.16,0,0
25,Rodrigo,De Paul,7,0,0,0.6,1.05,1.79,0,0,0
26,Thiago,Almada,1,0,0,0,0,0,14,0,0
27,Aaron,Mooy,4,0,0,0.75,0.5,2.25,6.08,0,0
28,Ajdin,Hrustic,2,0,0,6.1,1.53,1.53,0,0,0
29,Andrew,Redmayne,0,0,0,0,0,0,8.16,0,0
30,Awer,Mabil,2,0,0,4.09,4.09,0,3.3,0,0
31,Aziz,Behic,4,0,0,3,0.75,2,4.88,0,0
32,Bailey,Wright,1,0,0,0,0,0,0,0,0
33,Cameron,Devlin,0,0,0,0,0,0,0,0,0
34,Craig,Goodwin,4,1,0,0,0,1.52,0,0,0
35,Danny,Vukovic,0,0,0,0,0,0,0,0,0
36,Fran,Karacic,2,0,0,0,1.91,2.87,7.94,0,0
37,Garang,Kuol,2,0,0,0,0,0,6.59,0,0
38,Harry,Souttar,4,0,0,0,1.5,1,6.19,0,0
39,Jackson,Irvine,4,0,0,0.51,0.51,1.01,4.33,0,0
40,Jamie,Maclaren,3,0,0,0,1.7,0,6.34,0,0
41,Jason,Cummings,1,0,0,2.65,0,0,0,0,0
42,Joel,King,0,0,0,0,0,0,0,0,0
43,Keanu,Baccus,4,0,0,0,1.61,0.8,5.1,0,0
44,Kye,Rowles,4,0,0,0,1.75,2.25,6,0,0
45,Marco,Tilio,0,0,0,0,0,0,0,0,0
46,Mat,Ryan,4,0,0,0,0,0,0,0,0
47,Mathew,Leckie,4,1,1,2.69,0.27,1.07,9.34,0,0
48,Milos,Degenek,4,0,0,1.49,0.5,2.49,0,0,0
49,Mitchell,Duke,4,1,0,0.66,0.66,0,9,0,0
50,Nathaniel,Atkinson,1,0,0,2.12,1.06,4.24,3.18,0,0
51,Riley,McGree,4,0,1,0,1.67,0.67,0,0,0
52,Thomas,Deng,0,0,0,0,0,0,9,0,0
53,Arthur,Theate,0,0,0,0,0,0,5.08,0,0
54,Axel,Witsel,3,0,0,0,1.33,1.33,12.85,0,0
55,Charles,De Ketelaere,1,0,0,0,0,0,3.75,0,0
56,Dries,Mertens,2,0,0,1.18,0,2.37,7.64,0,0
57,Eden,Hazard,2,0,0,5.04,0.72,0,14,0,0
58,Hans,Vanaken,0,0,0,0,0,0,1,0,0
59,Jan,Vertonghen,3,0,0,0,1.67,0,0,0,0
60,Jeremy,Doku,0,0,0,0,0,0,4.2,0,0
61,Kevin,De Bruyne,3,0,0,1.67,0,0.33,7.39,0,0
62,Koen,Casteels,0,0,0,0,0,0,1.34,0,0
63,Leander,Dendoncker,0,0,0,0,0,0,3.31,0,0
64,Leandro,Trossard,3,0,0,3.53,0,0,7,0,0
65,Lois,Openda,1,0,0,1,0,7.5,4.74,0,0
66,Michy,Batshuayi,2,1,0,1.76,0,0.59,3.15,0,0
67,Romelu,Lukaku,2,0,0,1.7,0,0,3.23,0,0
68,Simon,Mignolet,0,0,0,0,0,0,0,0,0
69,Thibaut,Courtois,3,0,0,0,0,0,5,0,0
70,Thomas,Meunier,3,0,0,0.85,0.85,2.55,10.19,0,0
71,Thorgan,Hazard,2,0,0,1.7,0,2.55,4.4,0,0
72,Timothy,Castagne,3,0,0,0.33,0.67,2,0,0,0
73,Toby,Alderweireld,3,0,1,0,0,1.33,11.25,0,0
74,Wout,Faes,0,0,0,0,0,0,5.5,0,0
75,Yannick,Carrasco,2,0,0,2.29,0.76,3.81,3,0,0
76,Youri,Tielemans,3,0,0,0,1.91,2.87,7.25,0,0
77,Zeno,Debast,0,0,0,0,0,0,0,0,0
78,Alex,Sandro,3,0,0,0.95,1.42,3.79,4.22,0,0
79,Alex,Telles,1,0,0,0,0,3.1,0,0,0
80,Alisson,none,4,0,0,0,0,0,3.56,0,0
81,Antony,none,4,0,0,6.84,0.53,1.58,7.71,0,0
82,Bremer,none,2,0,0,0,0.83,0.83,0,0,0
83,Bruno,Guimaraes,2,0,0,2.5,0,0,18,0,0
84,Casemiro,none,4,1,0,0.46,1.38,2.54,0,0,0
85,Dani,Alves,2,0,0,0.77,1.54,3.85,0,0,0
86,Danilo,none,3,0,0,0,0.96,1.6,2.91,0,0
87,Eder,Militao,4,0,0,0,0.77,1.55,5.5,0,0
88,Ederson,none,1,0,0,0,0,0,4.75,0,0
89,Everton,Ribeiro,1,0,0,2.5,0,2.5,7,0,0
90,Fabinho,none,1,0,0,0,1,3,6.33,0,0
91,Fred,none,4,0,0,0.64,0,1.28,2.01,0,0
92,Gabriel,Jesus,3,0,0,1.96,1.96,1.96,3.47,0,0
93,Gabriel,Matinelli,2,0,0,5.68,0,1.62,11.61,0,0
94,Lucas,Paqueta,4,1,1,0.28,0.61,2.58,7.37,0,0
95,Marquinhos,none,5,0,0,0.21,0.42,1.06,2.05,0,0
96,Neymar,none,3,2,1,5.81,0.32,0.32,5.78,0,0
97,Pedro,none,2,0,0,0,1.45,2.9,6.15,0,0
98,Raphinha,none,5,0,0,2.84,0.85,2.27,9,0,0
99,Richarlison,none,4,3,0,1.1,0.28,0.55,7.94,0,0
100,Rodrygo,none,5,0,1,3.02,1.01,2.01,5.26,0,0
101,Thiago,Silva,4,0,1,0,1.15,0.69,5.67,0,0
102,Vinicius,Jr,4,1,2,3.89,0,1.2,6,0,0
103,Weverton,none,1,0,0,0,0,0,4.5,0,0
104,Andre,Onana,1,0,0,0,0,0,5,0,0
105,Andre-Frank,Zambo Anguissa,3,0,0,1.38,1.72,1.38,8.47,0,0
106,Bryan,Mbeumo,0,0,0,0,0,0,7.33,0,0
107,Christian,Bassogog,1,0,0,4,3.91,0,0,0,0
108,Christopher,Wooh,1,0,0,0,1,2,0,0,0
109,Collins,Fai,3,0,0,0.33,1.33,1,3,0,0
110,Davis,Epassy,2,0,0,0,0,0,0,0,0
111,Enzo,Ebosse,1,0,0,0,0,4,3.86,0,0
112,Eric,Maxim Choupo-Moting,3,1,0,2.48,0.35,1.42,8.3,0,0
113,Gael,Ondoua,2,0,0,0,4,4,1,0,0
114,Georges-Kevin,Nkoudou,2,0,0,1,0,0,0,0,0
115,Jean,Charles Castelletto,2,1,1,0,3,1.5,0,0,0
116,Jean0Pierre,Nsame,0,0,0,0,0,0,8.71,0,0
117,Jerome,Ngom,0,0,0,0,0,0,0,0,0
118,Karl,Toko Ekambi,3,0,0,2.16,0.54,0.54,7.5,0,0
119,Moumi,Ngamaleu,2,0,0,2.84,0,2.84,0,0,0
120,Nouhou,Tolo,3,0,0,1.67,2,3,6,0,0
121,Olivier,Mbaizo,0,0,0,0,0,0,0,0,0
122,Olivier,Ntcham,1,0,0,1,0,0,4.7,0,0
123,Pierre,Kunde,2,0,0,0,2.67,2.67,0,0,0
124,Samuel,Gouet,2,0,0,0,0,0.91,7,0,0
125,Simon,Ngapandouetnbu,0,0,0,0,0,0,0,0,0
126,Souaibou,Marou,0,0,0,0,0,0,5,0,0
127,Vincent,Aboubakar,3,2,1,3.83,0,0,6.92,0,0
128,Alistair,Johnson,3,0,0,0.33,0.67,1.33,9.25,0,0
129,Alphonso,Davies,3,1,0,6,1,0.67,6.77,0,0
130,Atiba,Hutchinson,3,0,0,0.56,0.56,2.25,0,0,0
131,Cyle,Larin,3,0,0,1.33,0,0,5.84,0,0
132,David,Wotherspoon,1,0,0,1,0,0,6.43,0,0
133,Dayne,St Clair,0,0,0,0,0,0,4.41,0,0
134,Derek,Cornelius,0,0,0,0,0,0,0,0,0
135,Ike,Ugbo,0,0,0,0,0,0,6.76,0,0
136,Ismael,Kone,3,0,0,0,0,0,8,0,0
137,James,Paternis,0,0,0,0,0,0,9,0,0
138,Joel,Waterman,0,0,0,0,0,0,2.5,0,0
139,Jonathan,David,3,0,0,1.41,0,0.47,0,0,0
140,Jonathan,Osorio,0,0,0,0,0,0,0,0,0
141,Junior,Hoilett,3,0,0,1.33,0.56,4.44,0,0,0
142,Kamal,Miller,3,0,0,0.67,1,2,3.8,0,0
143,Liam,Fraser,0,0,0,0,0,0,7.5,0,0
144,Liam,Millar,1,0,0,0,0,0,0,0,0
145,Lucas,Cavallini,1,0,0,0,0,0,2.02,0,0
146,Mark-Anthony,Kaye,1,0,0,0,0,3,5.42,0,0
147,Milan,Borjan,3,0,0,0,0,0,0,0,0
148,Richie,Laryea,3,0,0,2,0,1.68,10,0,0
149,Sam,Adekugbe,3,0,0,0.95,0.95,0,4.35,0,0
150,Samuel,Piette,0,0,0,0,0,0,7.39,0,0
151,Stephen,Eustaquio,2,0,0,0.71,1.42,2.83,4.1,0,0
152,Steven,Vitória,3,0,0,0,0,1.33,4.34,0,0
153,Tajon,Buchanan,3,0,1,6.21,1.03,0.34,0,0,0
154,Alvaro,Zamora,0,0,0,0,0,0,7.66,0,0
155,Anthony,Contreras,3,0,0,0,0.71,3.57,11.24,0,0
156,Anthony,Hernandez,0,0,0,0,0,0,0,0,0
157,Brandon,Aguilera,3,0,0,0,0,0,5.5,0,0
158,Bryan,Oviedo,0,0,0,0,0,0,4.05,0,0
159,Bryan,Ruiz,0,0,0,0,0,0,5.75,0,0
160,Carlos,Martinez,1,0,0,0,1.96,1.96,0,0,0
161,Celso,Borges,3,0,0,0.72,1.79,1.79,0,0,0
162,Daniel,Chacon,0,0,0,0,0,0,7.72,0,0
163,Douglas,Lopez,0,0,0,0,0,0,0,0,0
164,Esteban,Alvarado,0,0,0,0,0,0,0,0,0
165,Gerson,Torres,1,0,0,0,0,0,11.93,0,0
166,Jewison,Bennette,3,0,0,3.53,0,0,6.33,0,0
167,Joel,Campbell,3,0,0,3,0,3,4.36,0,0
168,Johan,Venegas,1,0,0,1.22,0,0,0,0,0
169,Juan,Pablo Vargas,0,0,0,0,0,0,2.05,0,0
170,Kendall,Waston,3,0,0,0,2.01,2.81,5,0,0
171,Keylor,Navas,3,0,0,0,0,0,0,0,0
172,Keysher,Fuller,3,1,0,0.71,0.71,1.77,3,0,0
173,Oscar,Duarte,3,0,0,0,2.33,1.33,5.68,0,0
174,Patrick,Sequeira,0,0,0,0,0,0,2.5,0,0
175,Roan,Wilson,1,0,0,0,0,0,8.31,0,0
176,Ronald,Matarrita,0,0,0,0,0,0,6.5,0,0
177,Yeltsin,Tejeda,3,1,1,33,0.33,1.33,7.66,0,0
178,Youstin,Salas,0,0,0,0,0,0,10.26,0,0
179,Andrej,Kramaric,7,2,0,1.31,0,0.56,2.83,0,0
180,Ante,Budimir,2,0,0,0,0,1.67,7.5,0,0
181,Borna,Barisic,1,0,0,0,0,0.75,4.9,0,0
182,Borna,Sosa,5,0,0,0.85,0.42,2.96,0,0,0
183,Bruno,Petkovic,6,1,0,1.17,0,2.35,2.69,0,0
184,Dejan,Lovren,6,0,1,0,1.38,0.9,4.25,0,0
185,Domagoj,Vida,0,0,0,0,0,0,7,0,0
186,Dominik,Livakovic,7,0,0,0,0,0,0,0,0
187,Ivan,Perisic,7,1,3,1.61,0.94,0.8,7.25,0,0
188,Ivica,Ivusic,0,0,0,0,0,0,10.53,0,0
189,Ivo,Grbic,0,0,0,0,0,0,14.11,0,0
190,Josip,Juranovic,6,0,1,0.3,0.3,1.8,6.59,0,0
191,Josip,Stanisic,1,0,0,0,1,3,4.24,0,0
192,Josip,Sutalo,1,0,0,0,0,0,0,0,0
193,Josko,Gvardiol,7,1,0,0.13,1.57,1.3,8,0,0
194,Kristijan,Jakic,1,0,0,0,0,0,0,0,0
195,Lovro,Majer,7,1,0,1.43,0.71,2.14,2.72,0,0
196,Luka,Modric,7,0,0,1.37,1.23,2.06,7.33,0,0
197,Luka,Sucic,0,0,0,0,0,0,8.67,0,0
198,Marcelo,Brozovic,6,0,0,0.97,0.65,2.11,0,0,0
199,Mario,Pasalic,7,0,0,1.35,1.01,2.36,2,0,0
200,Marko,Livaja,6,1,1,0.75,0.37,0.37,4.96,0,0
201,Martin,Erlic,0,0,0,0,0,0,7.38,0,0
202,Mateo,Kovacic,7,0,0,2.39,0.56,3.38,0,0,0
203,Mislav,Orsic,6,1,2,1.71,0,1.71,4.41,0,0
204,Nikola,Vlasic,6,0,0,2.18,0.44,0.44,0,0,0
205,Alexander,Bah,2,0,0,0.5,4.06,0,0,0,0
206,Andreas,Christensen,3,1,0,0,1.33,1.67,0,0,0
207,Andreas,Cornelius,3,0,0,0.98,0,0,6,0,0
208,Andreas,Skov Olsen,2,0,0,1.34,0,0,5.69,0,0
209,Christian,Eriksen,3,0,0,1.33,0.33,0.33,6.33,0,0
210,Christian,Norgaard,1,0,0,0,0,0,3.1,0,0
211,Daniel,Wass,0,0,0,0,0,0,0,0,0
212,Frederik,Ronnow,0,0,0,0,0,0,2.67,0,0
213,Jens,Stryger Larsen,0,0,0,0,0,0,6,0,0
214,Jesper,Lindstrom,3,0,0,5.4,0,0.45,0,0,0
215,Joachim,Andersen,3,0,1,0,0,0,0,0,0
216,Joakim,Maehle,3,0,0,3.25,0.72,3.25,0,0,0
217,Jonas,Wind,0,0,0,0,0,0,5.87,0,0
218,Kasper,Dolberg,3,0,0,1.59,0,0.8,0,0,0
219,Kasper,Schmeichel,3,0,0,0,0,0,3.54,0,0
220,Martin,Braithwaite,2,0,0,1.75,0,0,6.02,0,0
221,Mathias,Jensen,0,0,0,0,0,0,1,0,0
222,Mikkel,Damsgaard,3,0,0,0.6,0.6,2.42,0,0,0
223,Oliver,Christensen,0,0,0,0,0,0,0,0,0
224,Pierre-Emile,Hojbjerg,3,0,0,0.67,1.33,1.33,0,0,0
225,Rasmus,Kristensen,3,0,0,1.59,0.8,3.58,6,0,0
226,Robert,Skov,1,0,0,1,0,0,0,0,0
227,Simon,Kjaer,1,0,0,0,6.92,0,5.1,0,0
228,Thomas,Delaney,1,0,0,0,0,0,0,0,0
229,Victor,Nelsson,1,0,0,0,2,0,2,0,0
230,Yussuf,Yurary Poulsen,0,0,0,0,0,0,6.67,0,0
231,Alan,Franco,0,0,0,0,0,0,6.34,0,0
232,Alexander,Dominguez,0,0,0,0,0,0,5.5,0,0
233,Angel,Mena,0,0,0,0,0,0,6.5,0,0
234,Angelo,Preciado,3,0,1,0.34,1.7,2.38,9.81,0,0
235,Ayrton,Preciado,0,0,0,0,0,0,7.5,0,0
236,Carlos,Gruezo,1,0,0,0,0,3.91,6,0,0
237,Diego,Palacios,0,0,0,0,0,0,3.91,0,0
238,Djorkaeff,Reasco,1,0,0,0,0,0,5.29,0,0
239,Enner,Valencia,3,3,0,2.1,0.35,0.7,0,0,0
240,Felix,Torres,3,0,1,0.33,1.33,0.67,7.33,0,0
241,Gonzalo,Plata,3,0,0,4,0.67,1,5.53,0,0
242,Hernan,Galindez,0,0,0,0,0,0,3,0,0
243,Jackson,Porozo,2,0,0,0,2.84,1.89,6.66,0,0
244,Jeremy,Sarmiento,3,0,0,0,0,0,0,0,0
245,Jhegson,Mendez,0,0,0,0,0,0,0,0,0
246,Jose,Cifuentes,0,0,0,0,0,0,5.66,0,0
247,Kevin,Rodriguez,0,0,0,0,0,0,0,0,0
248,Michael,Estrada,3,0,0,0.79,0,0.39,6.14,0,0
249,Moises,Caicedo,3,1,0,0,0.67,2,4.56,0,0
250,Moises,Ramirez,0,0,0,0,0,0,4.73,0,0
251,Pervis,Estupinan,3,0,0,2.33,1,2.33,0,0,0
252,Piero,Hincapie,3,0,0,0,0.67,2.33,4.67,0,0
253,Robert,Arboleda,0,0,0,0,0,0,6.93,0,0
254,Romario,Ibarra,2,0,0,0.5,1.32,0,9.2,0,0
255,William,Pacho,0,0,0,0,0,0,0,0,0
256,Xavier,Arreaga,0,0,0,0,0,0,2.33,0,0
257,Aaron,Ramsdale,0,0,0,0,0,0,6.49,0,0
258,Bukayo,Saka,4,3,0,2.47,0.62,2.16,0,0,0
259,Callum,Wilson,2,0,1,0,0,0,1.93,0,0
260,Conor,Coady,0,0,0,0,0,0,0,0,0
261,Conor,Gallagher,0,0,0,0,0,0,0,0,0
262,Declan,Rice,5,0,0,0.43,2.37,1.29,5.53,0,0
263,Eric,Dier,2,0,0,0,0,2.65,14.51,0,0
264,Harry,Kane,5,2,3,1.57,0,0.45,5.12,0,0
265,Harry,Maguire,5,0,1,0.42,0.84,1.47,4,0,0
266,Jack,Grealish,5,1,0,5.49,3.29,3.29,4.49,0,0
267,James,Maddison,0,0,0,0,0,0,4.54,0,0
268,John,Stones,5,0,0,0.21,0.21,0.41,7.14,0,0
269,Jordan,Henderson,4,1,0,0,0.33,1.32,6.39,0,0
270,Jordan,Pickford,5,0,0,0,0,0,0,0,0
271,Jude,Bellingham,5,1,1,3.04,1.3,3.26,9.12,0,0
272,Kalvin,Phillips,2,0,1,0,0,0,0,0,0
273,Kieran,Trippier,3,0,0,0.88,0.44,2.63,0,0,0
274,Kyle,Walker,3,0,0,0.76,0.76,1.14,0,0,0
275,Luke,Shaw,5,0,1,0.42,1.06,0.64,6.85,0,0
276,Marcus,Rashford,5,3,0,5.26,0.66,0.66,6.51,0,0
277,Mason,Mount,4,0,0,1.45,0,0.97,4.41,0,0
278,Nick,Pope,0,0,0,0,0,0,6.81,0,0
279,Phil,Foden,4,1,2,1.39,0.35,0.35,8.73,0,0
280,Raheem,Sterling,3,1,1,1.81,0.6,0.6,8.81,0,0
281,Trent,Alexander-Arnold,1,0,0,0,0,0,7.1,0,0
282,Adrien,Rabiot,6,1,1,0.75,1.86,2.24,16.5,0,0
283,Alphonse,Areola,0,0,0,0,0,0,4.43,0,0
284,Antoine,Griezmann,7,0,3,1.51,1.34,2.34,4.22,0,0
285,Aurelien,Tchouaméni,7,1,0,0.72,2.02,1.59,6.28,0,0
286,Axel,Disasi,3,0,0,2,2,4,3.04,0,0
287,Benjamin,Pavard,1,0,0,0,1.01,0,0,0,0
288,Dayot,Upamecano,5,0,0,0,1.12,2.06,5.35,0,0
289,Eduardo,Camavinga,2,0,0,1.94,1.94,9.06,1.76,0,0
290,Hugo,Lloris,6,0,0,0,0,0,2.09,0,0
291,Ibrahima,Konate,5,0,0,0,2.16,4.62,14.46,0,0
292,Jordan,Veretout,1,0,0,0,0,2.86,5.75,0,0
293,Jules,Kounde,6,0,0,0.56,1.12,2.06,0,0,0
294,Kingsley,Coman,6,0,0,4.91,1.64,1.64,5.1,0,0
295,Kylian,Mbappe,7,8,2,7.24,0,0,5.24,0,0
296,Lucas,Hernandez,1,0,0,0,0,6.92,6.94,0,0
297,Marcus,Thuram,5,1,2,5.55,0,1.85,0,0,0
298,Matteo,Guendouzi,1,0,0,0,0,1.14,0,0,0
299,Olivier,Giroud,6,4,0,0,0.21,0.21,6.19,0,0
300,Ousmane,Dembele,7,0,2,3.9,0.62,2.47,4.6,0,0
301,Randal,Kolo Muani,3,1,0,3.5,0.5,3.5,18.49,0,0
302,Raphael,Varane,6,0,0,0.17,1.04,0.17,6.21,0,0
303,Steve,Mandanda,1,0,0,0,0,0,6.03,0,0
304,Theo,Hernandez,6,1,2,0.35,0.71,2.83,9.36,0,0
305,William,Saliba,1,0,0,3.33,0,0,0,0,0
306,Youssouf,Fofana,6,0,0,0.8,1.21,3.21,3.55,0,0
307,Antonio,Rudiger,3,0,0,0,0,0.67,0,0,0
308,Armel,Bella0Kotchap,0,0,0,0,0,0,2.88,0,0
309,Christian,Gunter,0,0,0,0,0,0,8.23,0,0
310,David,Raum,3,0,1,1.11,2.58,1.84,4.94,0,0
311,Ilkay,Gundogan,3,1,0,0.94,0.47,1.41,0,0,0
312,Jamal,Musiala,3,0,1,10.08,0.35,0.35,0,0,0
313,Jonas,Hofmann,2,0,0,3.21,0,0,3.42,0,0
314,Joshua,Kimmich,3,0,0,1.67,1.33,1.67,5.13,0,0
315,Julian,Brandt,0,0,0,0,0,0,2.28,0,0
316,Kai,Havertz,2,2,0,0,0.87,0.87,0,0,0
317,Karim,Adeyemi,0,0,0,0,0,0,6.14,0,0
318,Kevin,Trapp,0,0,0,0,0,0,7.59,0,0
319,Leon,Goretzka,3,0,0,0,0.57,2.83,7.11,0,0
320,Leroy,Sane,2,0,1,4.09,0,0.82,2.95,0,0
321,Lukas,Klostermann,2,0,0,0,0,4.22,4.48,0,0
322,Manuel,Neuer,3,0,0,0,0,0,2.05,0,0
323,Marc-Andre,ter Stegen,0,0,0,0,0,0,2.06,0,0
324,Mario,Gotze,2,0,0,1,0,0,7.2,0,0
325,Matthias,Ginter,0,0,0,0,0,0,6.83,0,0
326,Niclas,Fullkrug,3,2,1,0.33,0,0,2.29,0,0
327,Nico,Schlotterbeck,2,0,0,1.94,0.97,3.87,14.48,0,0
328,Niklas,Sule,3,0,0,0,0,1.67,6.49,0,0
329,Serge,Gnabry,3,1,1,1.7,68,1.7,0,0,0
330,Thilo,Kehrer,1,0,0,0,2.57,7.71,8.03,0,0
331,Thomas,Muller,3,0,0,0,0.44,0.89,1.56,0,0
332,Youssoufa,Moukoko,1,0,0,0,0,0,4.65,0,0
333,Abdul-Rahman,Baba,3,0,0,1.98,0.49,2.47,0,0,0
334,Alexander,Djiku,2,0,0,0,0.93,0.93,2.25,0,0
335,Alidu,Seidu,2,0,0,2.31,0,3.46,3.13,0,0
336,Andre,Ayew,3,1,0,0.45,0,1.79,0,0,0
337,Antoine,Semenyo,2,0,0,0,0,0,0,0,0
338,Daniel,Amartey,3,0,0,0.33,1,2,8.54,0,0
339,Daniel,Barnieh Afriyie,0,0,0,0,0,0,0,0,0
340,Daniel,Kofi Kyereh,3,0,0,2,0,6,10.59,0,0
341,Danlad,Ibrahim,0,0,0,0,0,0,4.68,0,0
342,Denis,Odoi,1,0,0,0.58,0,7.5,0,0,0
343,Elisha,Owusu,0,0,0,0,0,0,2.14,0,0
344,Gideon,Mensah,1,0,0,0,2.05,1.02,11.25,0,0
345,Inaki,Williams,3,0,1,36,0,1.07,0,0,0
346,Issahaku,Abdul Fatawu,0,0,0,0,0,0,0,0,0
347,Jordan,Ayew,3,0,1,2.63,0.66,1.97,10,0,0
348,Joseph,Aidoo,0,0,0,0,0,0,1.48,0,0
349,Kamal,Sowah,0,0,0,0,0,0,5.7,0,0
350,Kamaldeen,Sulemana,0,0,0,0,0,0,3.4,0,0
351,Lawrence,Ati Zigi,3,0,0,0,0,0,0,0,0
352,Manaf,Nurudeen,0,0,0,0,0,0,5.87,0,0
353,Mohammed,Kudus,3,2,0,4.34,0.36,1.81,0,0,0
354,Mohammed,Salisu,3,1,0,0,1,0.67,13.63,0,0
355,Osman,Bukari,2,1,0,2,0,1.55,3.87,0,0
356,Salis,Abdul Samed,3,0,0,1.07,1.43,0.71,6.08,0,0
357,Tariq,Lamptey,2,0,0,1.76,0.88,3.53,7.15,0,0
358,Thomas,Partey,3,0,0,0.67,0,3,2.21,0,0
359,Abolfazi,Jalali,1,0,0,1,0,0,9,0,0
360,Ahmad,Nourollahi,3,0,0,0.8,2.4,2,2.62,0,0
361,Ali,Gholizadeh,3,0,1,3.18,1.36,0,0,0,0
362,Ali,Karimi,3,0,0,0,2.76,2.76,0,0,0
363,Alireza,Beiranvand,2,0,0,0,0,0,11.77,0,0
364,Alireza,Jahanbakhsh,2,0,0,1.53,1.53,1.53,4.76,0,0
365,Amir,Absedzadeh,0,0,0,0,0,0,12.5,0,0
366,Ehsan,Hajsafi,3,0,0,0.76,0.76,3.03,3.9,0,0
367,Hossein,Hosseini,2,0,0,0,0,0,5.95,0,0
368,Hossein,Kanaani,1,0,0,0,2.05,0,1.12,0,0
369,Karim,Ansarifard,2,0,0,0,2.57,0,3.19,0,0
370,Majid,Hosseini,3,0,0,0,2,2,0,0,0
371,Mehdi,Taremi,3,2,1,1.67,0.67,1.33,0,0,0
372,Mehdi,Torabi,3,0,0,3.05,3.05,1.53,4.95,0,0
373,Milad,Mohammadi,3,0,0,0.45,0.45,4.55,17.3,0,0
374,Morteza,Pouraliganji,3,0,0,0,2,0.67,3.94,0,0
375,Payam,Niazmand,0,0,0,0,0,0,2.01,0,0
376,Ramin,Rezaeian,2,1,0,0.5,1.5,3.5,11.74,0,0
377,Rouzbeh,Cheshmi,2,1,0,0,3.05,0,0,0,0
378,Sadegh,Moharrami,1,0,0,0,1,1,0,0,0
379,Saeid,Ezatolahi,0,0,0,0,0,0,0,0,0
380,Saman,Ghoddos,1,0,0,0,0,2.05,3.02,0,0
381,Sardar,Azmoun,3,0,0,0.71,0,0,0,0,0
382,Shojae,Khalilzadeh,0,0,0,0,0,0,1.98,0,0
383,Vahid,Amiri,0,0,0,0,0,0,0,0,0
384,Ao,Tanaka,3,1,0,0,1.57,1.57,0,0,0
385,Ayase,Ueda,0,0,0,0,0,0,4.45,0,0
386,Daichi,Kamada,4,0,0,1.11,0,1.94,3.5,0,0
387,Daizen,Maeda,3,1,0,0,1.48,1.48,5.97,0,0
388,Daniel,Schmidt,0,0,0,0,0,0,0,0,0
389,Eiji,Kawashima,0,0,0,0,0,0,0,0,0
390,Gaku,Shibasaki,0,0,0,0,0,0,1.73,0,0
391,Hidemasa,Morita,3,0,0,1.26,0.63,0,2.57,0,0
392,Hiroki,Ito,1,0,0,0,0,0,3.4,0,0
393,Hiroki,Sakai,2,0,0,1.5,0.75,3.75,0,0,0
394,Junya,Ito,4,0,1,1.95,1.11,1.95,0,0,0
395,Kaoru,Mitoma,4,0,1,2.8,1.12,3.91,0,0,0
396,Maya,Yoshida,4,0,1,0.46,0.69,0.92,0,0,0
397,Miki,Yamane,1,0,0,1.45,2.9,1.45,10.85,0,0
398,Ritsu,Doan,4,2,0,2.49,0.83,2.49,0,0,0
399,Shogo,Taniguchi,2,0,0,0,0.43,0.43,0,0,0
400,Shuichi,Gonda,4,0,0,0,0,0,6.37,0,0
401,Shuto,Machino,0,0,0,0,0,0,0,0,0
402,Takehiro,Tomiyasu,3,0,0,0,0,0,6.34,0,0
403,Takuma,Asano,4,1,0,0.56,0.56,0,11.02,0,0
404,Takumi,Minamino,3,0,0,1.61,0,3.21,3.04,0,0
405,Wataru,Endo,4,0,0,0.89,0.89,2.38,5.53,0,0
406,Yuki,Soma,1,0,0,2.2,0,2.2,0,0,0
407,Yuto,Nagatomo,4,0,0,1.69,0,1.69,8.58,0,0
408,Alexis,Vega,3,0,0,1.38,0.46,0,0,0,0
409,Alfredo,Talavera,0,0,0,0,0,0,0,0,0
410,Andres,Guardado,1,0,0,0,0,8.57,1.32,0,0
411,Carlos,Rodriguez,2,0,0,2,0,0,3.16,0,0
412,Cesar,Montes,3,0,1,0.67,0.67,2,3.77,0,0
413,Edson,Alvarez,2,0,0,0.51,2.05,1.02,0,0,0
414,Erick,Gutierrez,1,0,0,0,3.75,1.88,1.22,0,0
415,Gerardo,Arteaga,0,0,0,0,0,0,3.33,0,0
416,Guillermo,Ochoa,3,0,0,0,0,0,4.34,0,0
417,Hector,Herrera,3,0,0,0,0.33,0.67,3.6,0,0
418,Hector,Moreno,3,0,0,0,0.33,0.67,9.47,0,0
419,Henry,Martin,2,1,0,0,1.82,0.61,0,0,0
420,Hirving,Lozano,3,0,0,2.49,0,2.49,7.98,0,0
421,Jesus,Gallardo,3,0,0,1.33,0.33,3,11.43,0,0
422,Johan,Vasquez,0,0,0,0,0,0,6.39,0,0
423,Jorge,Sanchez,2,0,0,2.56,1.02,0.51,4.91,0,0
424,Kevin,Alvarez,2,0,0,3.86,1.29,1.29,9,0,0
425,Luis,Chavez,3,1,0,1.33,0,0.33,12,0,0
426,Luis,Romo,0,0,0,0,0,0,0,0,0
427,Nestor,Araujo,1,0,0,0,3,1,0,0,0
428,Orbelin,Pineda,1,0,0,1.17,0,4.68,10.63,0,0
429,Raul,Jimenez,3,0,0,0,1.61,0,0,0,0
430,Roberto,Alvarado,1,0,0,1,0,0,9,0,0
431,Rodolfo,Cota,0,0,0,0,0,0,0,0,0
432,Rogelio,Funes Mori,1,0,0,0,0,0,3.84,0,0
433,Uriel,Antuna,3,0,0,0,0,4.86,0,0,0
434,Abde,Ezzalzouli,3,0,0,0,0,0,0,0,0
435,Abdelhamid,Sabiri,5,1,0,1.5,2.5,1.5,0,0,0
436,Abderrazak,Hamdallah,4,0,0,4.22,0,1.41,3.1,0,0
437,Achraf,Dari,3,1,0,0,2.89,0.48,1.95,0,0
438,Achraf,Hakimi,7,0,1,1.56,1.28,3.84,0,0,0
439,Ahmed,Reda Tagnaouti,0,0,0,0,0,0,5.17,0,0
440,Anass,Zaroury,1,0,0,0,0,0,6.67,0,0
441,Azzedine,Ounahi,7,0,0,1.89,0.95,1.26,0,0,0
442,Badr,Benoun,3,0,0,0,1.76,0,0,0,0
443,Bilal,El Khannous,1,0,0,0,0,0,0,0,0
444,Hakim,Ziyech,7,1,1,3.67,1.27,1.41,5.91,0,0
445,Ilias,Chair,1,0,0,2.05,0,2.05,6.36,0,0
446,Jawad,El Yamiq,6,0,0,0,1.46,1.17,0,0,0
447,Munir,Mohamedi,1,0,0,0,0,0,1.88,0,0
448,Nayef,Aguerd,4,0,0,0,0.76,1.02,5.25,0,0
449,Noussair,Mazraoui,5,0,0,0.98,0.24,3.42,0,0,0
450,Roman,Saiss,6,0,0,0.19,0.58,0.77,3.19,0,0
451,Selim,Amallah,7,0,0,0.66,1.76,2.85,0,0,0
452,Sofiane,Boufal,7,0,0,4.11,0.37,1.87,0,0,0
453,Sofyan,Amrabat,7,0,0,0.14,0.82,2.32,1.71,0,0
454,Walid,Cheddira,2,0,0,1.43,0,1.43,3.33,0,0
455,Yahia,Attiyat Allah,6,0,1,0.29,0,1.15,0,0,0
456,Yahya,Jabrane,2,0,0,0,0,0,10,0,0
457,Yassine,Bounou,6,0,0,0,0,0,8.33,0,0
458,Youssef,En-Nesyri,7,2,0,1.15,0.16,0.66,8,0,0
459,Zakaria,Aboukhlal,4,1,0,1.23,1.23,0,3.57,0,0
460,Andries,Noppert,5,0,0,0,0,0,0,0,0
461,Cody,Gakpo,5,3,0,1.78,0.59,1.59,0,0,0
462,Daley,Blind,5,1,1,0.42,1.06,2.76,0,0,0
463,Davy,Klaassen,4,1,2,0.47,0.47,1.41,0,81.82%,40%
464,Denzel,Dumfries,5,1,2,1.12,1.31,1.5,0,0,0
465,Frenkie,de Jong,5,1,1,1.13,1.13,2.65,1.1,70.83%,17%
466,Jeremie,Frimpong,0,0,0,0,0,0,0,0,0
467,Jurrien,Timber,4,0,0,0,0,0,0,0,0
468,Justin,Bijlow,0,0,0,0,0,0,0,0,0
469,Kenneth,Taylor,1,0,0,0,0,0,0,0,0
470,Luuk,de Jong,1,0,0,0,0,3.21,0,0,0
471,Maarten,de Roon,5,0,0,0,0.98,3.42,0,0,0
472,Matthijs,de Ligt,2,0,0,0,0,0,0,0,0
473,Memphis,Depay,2,1,0,3.88,0,1.55,0,66.67%,0%
474,Nathan,Ake,5,0,0,0,1.5,1.12,0,0,0
475,Noa,Lang,1,0,0,0,12.86,0,0,0,0
476,Remko,Pasveer,0,0,0,0,0,0,0.65,46.67%,43%
477,Stefan,de Vrij,0,0,0,0,0,0,0,0,0
478,Steven,Berghuis,4,0,1,1.82,0,0.91,0,0,0
479,Steven,Bergwijn,4,0,0,0.84,0,0.42,0,0%,0%
480,Teun,Koopmeiners,5,0,1,0.41,1.24,4.15,0,64.17%,20%
481,Tyrell,Malacia,0,0,0,0,0,0,0,63.64%,60%
482,Vincent,Janssen,2,0,0,0,0,2.09,0,81.82%,67%
483,Virgil,van Dijk,5,0,0,0,0.75,0.38,0,66.67%,0%
484,Wout,Weghorst,4,2,0,0,0,0,0,71.43%,50%
485,Xavi,Simons,1,0,0,0,12.86,0,0.26,78.12%,28%
486,Arkadiusz,Milik,3,0,0,0,0,0,0,0,0
487,Artur,Jedrzejczyk,1,0,0,0,0,0,0.64,58.33%,50%
488,Bartosz,Bereszynski,4,0,0,1.84,0.79,1.58,0,61.54%,0%
489,Damian,Szymanski,1,0,0,0,3.21,0,0,0,0
490,Grzegorz,Krychowiak,4,0,0,0.54,1.35,2.43,0,0,0
491,Jakub,Kaminski,4,0,0,1.55,0,2.33,0,0,0
492,Jakub,Kiwior,4,0,0,0,0.76,0.5,0,0,0
493,Jan,Bednarek,1,0,0,0,0,0,0,0,0
494,Kamil,Glik,4,0,0,0,0.75,0.5,0,0,0
495,Kamil,Grabara,0,0,0,0,0,0,0,0,0
496,Kamil,Grosicki,1,0,0,0,0,0,0,50%,0%
497,Karol,Swiderski,1,0,0,0,3.91,7.83,0,0,0
498,Krystian,Bielik,4,0,0,1.26,1.67,1.26,0,0,0
499,Krzysztof,Piatek,2,0,0,0,0,0,0,0,0
500,Lukasz,Skorupski,0,0,0,0,0,0,0,100%,100%
501,Mateusz,Wieteska,0,0,0,0,0,0,0,53.33%,50%
502,Matty,Cash,4,0,0,0.5,0,1,0,63.16%,33%
503,Michal,Skoras,1,0,0,0,2.05,0,0,0,0
504,Nicola,Zalewski,2,0,0,2.77,0,5.54,0,0,0
505,Piotr,Zielinski,4,1,0,0.82,0.27,1.91,0,0,0
506,Przemyslaw,Frankowski,4,0,0,0.74,1.12,2.6,0,0,0
507,Robert,Gumny,0,0,0,0,0,0,0,66.67%,50%
508,Robert,Lewandowski,4,2,1,2.75,0.5,0.75,0,0,0
509,Sebastian,Szymanski,2,0,0,1.33,1.33,4,0,0,0
510,Szymon,Zurkowski,0,0,0,0,0,0,0,72.73%,33%
511,Wojciech,Szczesny,4,0,0,0,0,0,0,50%,33%
512,Andre,Silva,1,0,0,0,0,0,0,0,0
513,Antonio,Silva,1,0,0,0,1,1,0,50%,0%
514,Bernardo,Silva,5,0,0,0.5,0.5,0.5,0,80.00%,0%
515,Bruno,Fernandes,4,2,3,0.76,0.5,0.76,0,78.95%,0%
516,Cristiano,Ronaldo,5,1,0,0.62,0,0,0,0,0
517,Danilo,Pereira,1,0,0,1,3,1,0,0,0
518,Diogo,Costa,5,0,0,0,0,0,0,83.33%,0%
519,Diogo,Dalot,3,0,1,0.69,0.69,2.78,0,0,0
520,Goncalo,Ramos,4,3,1,1.18,0,0.59,0,0,0
521,Joao,Cancelo,4,0,0,2.62,0.58,2.04,0,0,0
522,Joao,Felix,4,1,2,2.16,1.08,0.54,0,0,0
523,Joao,Mario,2,0,0,1.08,0,2.17,0,0,0
524,Joao,Palhinha,3,0,0,2.57,2.57,5.14,0,82.14%,50%
525,Jose,Sa,0,0,0,0,0,0,0,66.67%,50%
526,Matheus,Nunes,2,0,0,1.23,0,0,0,0,0
527,Nuno,Mendes,1,0,0,4.29,4.29,0,0,57.14%,0%
528,Otavio,none,3,0,0,0,0,0,0,0,0
529,Pepe,none,4,1,0,0.25,1.5,1.25,0,65.22%,0%
530,Rafael,Leao,5,2,0,6.51,1.08,0,0,0,0
531,Raphael,Guerreiro,4,1,2,0.65,0.97,0.97,0,0,0
532,Ricardo,Horta,3,1,0,0,0.76,1.53,0,0,0
533,Ruben,Dias,4,0,0,0,0.75,0.75,0,57.89%,25%
534,Ruben,Neves,5,0,0,0,0.66,0.33,0,0,0
535,Rui,Patricio,0,0,0,0,0,0,0,0,0
536,Vitinha,none,3,0,0,1.51,0,2.27,0,50.00%,50%
537,William,Carvalho,4,0,0,0,0,2.51,0,0,0
538,Abdelkarim,Hassan,0,0,0,0,0,0,8.65,0,0
539,Abdulaziz,Hatem,3,0,0,0,0.46,0.46,5,0,0
540,Ahmed,Alaaeldin,1,0,0,0,0,0,0,0,0
541,Akram,Afif,3,0,0,1.67,0,0,0,0,0
542,Ali,Assadalla,0,0,0,0,0,0,0,0,0
543,Almoez,Ali,3,0,0,1.19,0.4,0.4,0,53.33%,0%
544,Assim,Madibo,0,0,0,0,0,0,0,0,0
545,Bassam,Al-Rawi,1,0,0,0,0,0,0,0,0
546,Boualem,Khoukhi,3,0,0,0.33,1,0.67,0,0,0
547,Hassan,Al-Haydos,3,0,0,2.14,0.86,1.29,0,75%,50%
548,Homam,Ahmed,0,0,0,0,0,0,0,0,0
549,Ismaeel,Mohammada,0,0,0,0,0,0,0,0,0
550,Jassem,Gaber,0,0,0,0,0,0,0,0,0
551,Karim,Boudiaf,3,0,0,1.95,0,0.97,0,0,0
552,Khalid,Muneer,0,0,0,0,0,0,0,58.82%,0%
553,Meshaal,Barsham,0,0,0,0,0,0,0,0,0
554,Mohammed,Muntari,0,0,0,0,0,0,0,0,0
555,Mohammed,Waad,0,0,0,0,0,0,0,73.68%,0%
556,Musab,Kheder,0,0,0,0,0,0,0,0,0
557,Mustafa,Tarek,0,0,0,0,0,0,4.84,0,0
558,Naif,Al0Hadhrami,0,0,0,0,0,0,0,0,0
559,Pedro,Miguel,3,0,0,1.03,2.74,2.05,0,0,0
560,Saad,Al Sheeb,1,0,0,0,0,0,0,0,0
561,Salem,Al0Hajri,0,0,0,0,0,0,0,66.67%,0%
562,Tarek,Salman,1,0,0,0,0,0,0,50%,33%
563,Yousef,Hassan,0,0,0,0,0,0,0,33.33%,0%
564,Abdulelah,Al-Amri,3,0,0,0,1.98,0.49,4.56,0,0
565,Abdulellah,Al-Malki,2,0,0,0,1.54,2.06,8.95,0,0
566,Abdullah,Madu,1,0,0,0,2.05,2.05,2.86,0,0
567,Abdullah,Otayf,0,0,0,0,0,0,9.24,0,0
568,Abdulrahman,Al-Aboud,2,0,0,0.66,0,0,3.83,0,0
569,Ali,Al-Bulaihi,3,0,0,0,1.24,1.66,0,0,0
570,Ali,Al-Hassan,1,0,0,0,0,0,4.64,0,0
571,Firas,Al-Buraikan,3,0,1,1.67,0.67,1,4.91,0,0
572,Haitham,Asiri,0,0,0,0,0,0,0,0,0
573,Hassan,Tambakti,2,0,0,0,1,2,5.85,0,0
574,Mohamed,Kanno,0,0,0,0,0,0,7.65,0,0
575,Mohammed,Al Yami,0,0,0,0,0,0,5.22,0,0
576,Mohammed,Al-Breik,2,0,0,0,0,1.38,17.48,0,0
577,Mohammed,Al-Owais,3,0,0,0,0,0,8.26,0,0
578,Nasser,Al-Dawsari,1,0,0,0,0,0,6.1,0,0
579,Nawaf,Alabid,2,0,0,0.66,2.09,0,0,0,0
580,Nawaf,Al-Aqidi,0,0,0,0,0,0,7.83,0,0
581,Saleh,Al-Shehri,3,1,0,0.8,0,1.2,5,0,0
582,Salem,Al-Dawsari,3,2,0,2.33,0.33,1.67,4.33,0,0
583,Salman,Al-Faraj,1,0,0,0,0,2,2.5,0,0
584,Sami,Al-Najei,1,0,0,0,0,0,7.66,0,0
585,Saud,Abdulhamid,3,0,0,1,0.33,1.67,4.25,0,0
586,Sultan,Al-Ghanam,3,0,0,1.44,1.44,0,6.32,0,0
587,Yasser,Al-Shahrani,1,0,0,0,6,3,5.66,0,0
588,Abdou,Diallo,4,0,0,0,0.27,0.54,0,0,0
589,Alfred,Gomis,0,0,0,0,0,0,17.56,0,0
590,Bamba,Dieng,4,1,0,0,0,0,7.08,0,0
591,Boulaye,Dia,4,1,0,0.56,0.28,0.28,0,0,0
592,Edouard,Mendy,4,0,0,0,0,0,0,0,0
593,Famara,Diedhiou,2,1,0,0.98,0,0,9.12,0,0
594,Fode,Ballo-Toure,1,0,0,0,0,0,6.29,0,0
595,Formose,Mendy,0,0,0,0,0,0,3.96,0,0
596,Iliman,Ndiaye,3,0,1,4.6,0.66,0,7.18,0,0
597,Ismail,Jakobs,4,0,1,0.32,1.29,0,3.75,0,0
598,Ismalia,Sarr,4,1,0,3.4,0.52,0.78,0,0,0
599,Kalidou,Koulibaly,4,1,0,0,0.75,3,7.31,0,0
600,Krepin,Diatta,3,0,0,1.96,0,0,5.14,0,0
601,Loum,Ndiaye,0,0,0,0,0,0,8.26,0,0
602,Moussa,Ndiaye,0,0,0,0,0,0,5.35,0,0
603,Moustapha,Name,0,0,0,0,0,0,4.86,0,0
604,Nampalys,Mendy,4,0,0,0.33,0.99,1.31,6.11,0,0
605,Nicolas,Jackson,1,0,0,0,0,0,6.01,0,0
606,Papa,Abou Cisse,2,0,0,0.88,1.76,0,2.27,0,0
607,Papa,Gueye,3,0,0,0.6,1.19,2.38,0,0,0
608,Pape,Matar Sarr,0,0,0,1.61,0,4.82,7.34,0,0
609,Pathe,Ciss,3,0,0,1.23,1.23,1.85,0,0,0
610,Seny,Dieng,0,0,0,0,0,0,4.29,0,0
611,Youssouf,Sabaly,4,0,0,1.25,1,1.5,3.02,0,0
612,Aleksandr,Mitrovic,3,2,0,0.34,0,0.34,0,0,0
613,Andrija,Zivkovic,3,0,2,0.42,1.27,2.11,4.28,0,0
614,Darko,Lazovic,1,0,0,0,0,0,6.68,0,0
615,Dusan,Tadic,3,0,2,2.09,0.35,1.4,2,0,0
616,Dusan,Vlahovic,2,1,0,1.14,0,1.14,3.34,0,0
617,Filip,Duricic,2,0,0,0,0,0,2.32,0,0
618,Filip,Kostic,2,0,0,1,0,3,1.76,0,0
619,Filip,Mladenovic,1,0,0,2.73,0,0,5.29,0,0
620,Ivan,Ilic,1,0,0,0,2.73,0,1.8,0,0
621,Marko,Dmitrovic,0,0,0,0,0,0,5.21,0,0
622,Marko,Grujic,1,0,0,1,0,7.5,3.7,0,0
623,Milos,Veljkovic,3,0,0,0,0,1.21,3.12,0,0
624,Nemanja,Gudelj,2,0,0,0,0.98,1.96,3.53,0,0
625,Nemanja,Maksimovic,3,0,0,0,2.27,2.27,0,0,0
626,Nemanja,Radonjic,3,0,0,3.16,0,0,6.69,0,0
627,Nikola,Milenkovic,3,0,0,0,1.67,3.33,2.17,0,0
628,Sasa,Lukic,3,0,0,0.37,0.37,0.73,0,0,0
629,Sergej,Milinkovic-Savic,3,1,0,1.91,0.76,1.91,6.25,0,0
630,Srdan,Babic,1,0,0,0,0,7.5,4,0,0
631,Stefan,Mitrovic,0,0,0,0,0,0,6.37,0,0
632,Strahinja,Erakovic,0,0,0,0,0,0,3.68,0,0
633,Strahinja,Pavlovic,3,1,0,0.38,0.38,3.05,1.61,0,0
634,Uros,Racic,0,0,0,0,0,0,8.77,0,0
635,Vanja,Milinkovic-Savic,3,0,0,0,0,0,8.78,0,0
636,Cho,Gue0sung,0,0,0,0,0,0,8.57,0,0
637,Cho,Yu-min,1,0,0,0,0,0,4.67,0,0
638,Hong,Chul,1,0,0,2.05,2.05,0,0,0,0
639,Hwang,Hee-chan,2,1,0,7.11,0,0.79,0,0,0
640,Hwang,In-beom,4,0,0,1.07,0.81,1.07,0,0,0
641,Hwang,Ui-jo,4,0,0,0.86,0,0,13.29,0,0
642,Jeong,Woo-yeong,1,0,0,1.96,0,0,7.93,0,0
643,Jo,Hyeon-woon,0,0,0,0,0,0,9.04,0,0
644,Jung,Woo-young,4,0,0,0,0.59,1.48,6.25,0,0
645,Kim,Jin-su,4,0,1,0.57,0.85,2.85,10.98,0,0
646,Kim,Min-jae,3,0,0,0.33,0.67,0.67,3.6,0,0
647,Kim,Moon-hwan,4,0,0,1,1,2.25,2.52,0,0
648,Kim,Seung-gyu,4,0,0,0,0,0,3.65,0,0
649,Kim,Tae0hwan,0,0,0,0,0,0,0.87,0,0
650,Kim,Young-gwon,4,1,0,0,0.77,0.77,5,0,0
651,Kwon,Chang-hoon,1,0,0,0,0,0,6.32,0,0
652,Kwon,Kyung-won,4,0,0,0,0,0,2.81,0,0
653,Lee,Jae-sung,3,0,0,1.26,1.26,2.1,0,0,0
654,Lee,Kang-in,4,0,1,0.62,0,2.47,0,0,0
655,Na,Sang-ho,2,0,0,3.05,0,3.05,8.06,0,0
656,Paik,Seung-ho,1,1,0,0,0,10.8,0,0,0
657,Son,Heung-min,4,0,1,3.25,0.5,1.25,4.09,0,0
658,Son,Jun-ho,3,0,0,0,3.91,3.91,0,0,0
659,Song,Bum-keun,0,0,0,0,0,0,0,0,0
660,Song,Min0kyu,0,0,0,0,0,0,6.92,0,0
661,Yoon,Jong0gyu,0,0,0,0,0,0,6.1,0,0
662,Alejandro,Balde,4,0,0,0,0,4.35,0,0,0
663,Alvaro,Morata,4,3,1,1.48,0,0.49,8.65,0,0
664,Ansu,Fati,2,0,0,4.09,0,2.05,0,0,0
665,Aymeric,Laporte,3,0,0,0,0.6,0.6,3.43,0,0
666,Carlos,Soler,2,1,0,1,0,0,8.44,0,0
667,Cesar,Azpilicueta,2,0,1,0,0.66,0.66,8.63,0,0
668,Dani,Carvajal,2,0,0,0,1.34,0.67,4.57,0,0
669,Dani,Olmo,4,1,1,3.91,0.24,1.22,0,0,0
670,David,Raya,0,0,0,0,0,0,0,0,0
671,Eric,Garcia,3,0,0,0,0,0,7,0,0
672,Ferran,Torres,4,2,0,4.52,0,0,0,0,0
673,Gavi,none,4,1,0,0.94,0.31,2.51,10.58,0,0
674,Hugo,Guillamon,3,1,0,0,0,0,6.08,0,0
675,Jordi,Alba,4,0,2,1.02,1.02,2.37,0,0,0
676,Koke,none,2,0,0,0,0,1.8,4.13,0,0
677,Marco,Asensio,4,1,0,0.78,0,0.39,2.66,0,0
678,Marcos,Llorente,1,0,0,0,0,0,9.35,0,0
679,Nico,Williams,4,0,0,8.07,0,2.48,3.33,0,0
680,Pablo,Sarabia,1,0,0,0,0,0,5.14,0,0
681,Pau,Torrres,1,0,0,0,0,0,0,0,0
682,Pedri,none,4,0,0,2.02,1.01,1.01,2.3,0,0
683,Robert,Sanchez,0,0,0,0,0,0,0.67,0,0
684,Rodri,none,4,0,0,0,0.69,1.15,10.13,0,0
685,Sergio,Busquets,4,0,0,0.25,0.25,1.73,0,0,0
686,Unai,Simon,4,0,0,0,0,0,11.35,0,0
687,Yeremy,Pino,0,0,0,0,0,0,0,0,0
688,Ardon,Jashari,0,0,0,0,0,0,0,0,0
689,Breel,Embolo,4,2,0,1.38,0,0.28,0,0,0
690,Christian,Fassnacht,1,0,0,0,0,0,5.95,0,0
691,Denis,Zakaria,2,0,0,1.58,4.74,0,2.73,0,0
692,Djibril,Sow,4,0,1,0.33,0.33,0.66,5.58,0,0
693,Edimilson,Fernandes,3,0,0,1.26,1.26,1.26,3.88,0,0
694,Eray,Comert,2,0,0,0,4.09,0,7.83,0,0
695,Fabian,Frei,2,0,0,0,4.09,4.09,5.23,0,0
696,Fabian,Rieder,2,0,0,1.34,0,4.03,8.19,0,0
697,Fabian,Schar,2,0,0,0,1.32,1.32,0,0,0
698,Granit,Xhaka,4,0,0,0.25,0.5,1.5,3.05,0,0
699,Gregor,Kobel,1,0,0,0,0,0,4.72,0,0
700,Haris,Seferovic,3,0,0,0,0,0,0,0,0
701,Jonas,Omlin,0,0,0,0,0,0,6.59,0,0
702,Manuel,Akanji,4,1,0,0,0.75,1.25,8,0,0
703,Michel,Aebischer,1,0,0,0,0,6.43,3.46,0,0
704,Nico,Elvedi,2,0,0,0,0.5,1,10.69,0,0
705,Noah,Okafor,3,0,0,2.14,0,0,3.05,0,0
706,Philipp,Kohn,0,0,0,0,0,0,0,0,0
707,Remo,Freuler,4,1,0,0.56,0.83,2.22,6.74,0,0
708,Renato,Steffen,1,0,0,2.81,0,0,6.22,0,0
709,Ricardo,Rodriguez,4,0,0,0,0,1.5,0,0,0
710,Ruben,Vargas,4,0,1,1.56,0.31,0,3.21,0,0
711,Xherdan,Shaqiri,3,1,1,0.78,0,0,9.21,0,0
712,Yann,Sommer,3,0,0,0,0,0,0,0,0
713,Aissa,Laidouni,3,0,1,1.1,1.1,1.1,0,0,0
714,Ali,Abdi,0,0,0,0,0,0,6.1,0,0
715,Ali,Maaloul,1,0,0,0,0,1,3.06,0,0
716,Anis,Ben Slimane,2,0,0,0.6,0.6,1.8,2.96,0,0
717,Aymen,Dahmen,0,0,0,0,0,0,2.87,0,0
718,Balbouli,none,0,0,0,0,0,0,5.89,0,0
719,Bechir,Ben Saad,0,0,0,0,0,0,0,0,0
720,Bilel,Ifa,0,0,0,0,0,0,0,0,0
721,Dylan,Bronn,2,0,0,0,0,1.66,6.08,0,0
722,Ellyes,Skhiri,3,0,0,0.67,2.33,3.33,3.91,0,0
723,Ferjani,Sassi,2,0,0,1,1.96,3.91,4,0,0
724,Ghailene,Chaalali,0,0,0,0,0,0,0,0,0
725,Hannibal,Mejbri,1,0,0,0,0,0,2,0,0
726,Issam,Jebali,3,0,0,0.98,0,1.48,0,0,0
727,Mohamed,Ali Ben Romdhane,1,0,0,1.22,0,6.08,5.04,0,0
728,Mohamed,Drager,2,0,0,1.34,0.67,3.36,4.82,0,0
729,Montassar,Talbi,3,0,0,0,0.33,1,0,0,0
730,Mouez,Hassen,0,0,0,0,0,0,1.82,0,0
731,Nader,Ghandri,0,0,0,0,0,0,5.55,0,0
732,Naim,Sliti,2,0,0,4.78,0,2.39,0,0,0
733,Seifeddine,Jaziri,0,0,0,0,0,0,0,0,0
734,Taha,Yassine Khenissi,2,0,0,0,0,0,9.19,0,0
735,Wahbi,Khazri,2,1,0,1,0,2.17,7.63,0,0
736,Wajdi,Kechrida,3,0,0,3.3,0,2.48,3.2,0,0
737,Yassine,Meriah,0,0,0,0,0,0,2.05,0,0
738,Youssef,Msakni,2,0,0,2.65,0,1.59,4.5,0,0
739,Agustin,Canobbio,0,0,0,0,0,0,3.5,0,0
740,Darwin,Nunez,3,0,0,0.74,0,1.12,0,0,0
741,Diego,Godin,0,0,0,0,0,0,0,0,0
742,Edinson,Cavani,3,0,0,0,0,0,0,0,0
743,Facundo,Pellistri,3,0,0,2.97,0,0.99,6.81,0,0
744,Facundo,Torres,0,0,0,0,0,0,3.75,0,0
745,Federico,Valverde,3,0,0,1,1.67,1.67,0,0,0
746,Fernando,Muslera,0,0,0,0,0,0,0,0,0
747,Giorgian,de Arrascaeta,0,0,0,0,0,0,3.91,0,0
748,Guillermo,Varela,3,0,0,0.99,1.48,1.98,2.65,0,0
749,Jose,Luis Rodriguez,0,0,0,0,0,0,5,0,0
750,Jose,Maria Gimenez,3,0,0,0,2.33,1.33,0,0,0
751,Lucas,Torreira,0,0,0,0,0,0,0,0,0
752,Luis,Suarez,0,0,0,0,0,0,11.08,0,0
753,Manuel,Ugarte,0,0,0,0,0,0,5.46,0,0
754,Martin,Caceres,1,0,0,1,0,0,6.86,0,0
755,Mathias,Olivera,3,0,0,0.71,0.71,3.18,0,0,0
756,Matias,Vecino,3,0,0,0,1.37,1.83,0,0,0
757,Matias,Vina,0,0,0,0,0,0,5.5,0,0
758,Maxi,Gomez,2,0,0,0,0,0,1.47,0,0
759,Nicolás,de la Cruz,2,0,0,0.5,0,0,2.36,0,0
760,Rodrigo,Bentancur,3,0,0,2.1,2.94,3.79,0,0,0
761,Ronald,Araujo,0,0,0,0,0,0,3.03,0,0
762,Sebastian,Coates,2,0,0,0,0.5,0.5,2.3,0,0
763,Sebastian,Sosa,0,0,0,0,0,0,0,0,0
764,Sergio,Rochet,0,0,0,0,0,0,4.66,0,0
765,Aaron,Long,0,0,0,0,0,0,0,0,0
766,Antonee,Robinson,4,0,0,1.25,1.75,1.5,3.64,0,0
767,Brenden,Aaronson,4,0,0,6.06,0.87,2.6,0,0,0
768,Cameron,Carter-Vickers,1,0,0,0,0,0,0,0,0
769,Christian,Pulisic,4,1,2,1.99,0,0.57,0,0,0
770,Cristian,Roldan,0,0,0,0,0,0,4.09,0,0
771,DeAndre,Yedlin,2,0,0,0,0,5.81,0,0,0
772,Ethan,Horvath,0,0,0,0,0,0,6.55,0,0
773,Gio,Reyna,2,0,0,0,0,0,3.91,0,0
774,Haji,Wright,4,1,0,0.67,0,1.33,0,0,0
775,Jesús,Ferreira,1,0,0,1.96,0,1.96,2,0,0
776,Joe,Scally,0,0,0,0,0,0,0,0,0
777,Jordan,Morris,2,0,0,0,0,0,3.66,0,0
778,Kellyn,Acosta,2,0,0,0,0,6.59,6.28,0,0
779,Luca,de la Torre,0,0,0,0,0,0,4.33,0,0
780,Matt,Turner,4,0,0,0,0,0,0,0,0
781,Sean,Johnson,0,0,0,0,0,0,0,0,0
782,Sergiño,Dest,4,0,1,2.33,0.58,0.87,10,0,0
783,Shaq,Moore,2,0,0,0,0,9,0,0,0
784,Tim,Ream,4,0,0,0.25,1,1,4.67,0,0
785,Tim,Weah,4,1,0,0.56,0,0.28,0,0,0
786,Tyler,Adams,4,0,0,0.25,1,2.25,0,0,0
787,Walker,Zimmerman,4,0,0,0,1.29,0.97,7.67,0,0
788,Weston,McKennie,4,0,0,0.65,0,0.65,0,0,0
789,Yunus,Musah,4,0,0,0,0,0,4.11,0,0
790,Aaron,Ramsey,3,0,0,2.36,0,0.67,0,0,0
791,Adam,Davies,0,0,0,0,0,0,0,0,0
792,Ben,Cabango,0,0,0,0,0,0,0,0,0
793,Ben,Davies,3,0,0,1.13,0.38,1.51,1.84,0,0
794,Brennan,Johnson,3,0,0,4,0,0,0,0,0
795,Chris,Gunter,0,0,0,0,0,0,7.61,0,0
796,Chris,Mepham,3,0,0,0,0.33,2.33,0,0,0
797,Connor,Roberts,3,0,0,0,0.45,1.34,8.76,0,0
798,Dan,James,3,0,0,0.58,0.58,0.58,5.67,0,0
799,Danny,Ward,2,0,0,0,0,0,0,0,0
800,Dylan,Levitt,0,0,0,0,0,0,0.86,0,0
801,Ethan,Ampadu,3,0,0,0.7,1.4,1.4,0,0,0
802,Gareth,Bale,3,1,0,0.8,0.4,0.4,0,0,0
803,Harry,Wilson,3,0,0,0,0.56,2.25,8.33,0,0
804,Joe,Allen,2,0,0,0,0.96,0.96,4.5,0,0
805,Joe,Morrell,2,0,0,0,2.9,0,0,0,0
806,Joe,Rodon,3,0,0,0,1.33,0.67,2.5,0,0
807,Jonny,Williams,0,0,0,0,0,0,0,0,0
808,Kieffer,Moore,3,0,0,0,0.8,0.4,0,0,0
809,Mark,Harris,0,0,0,0,0,0,0,0,0
810,Matthew,Smith,0,0,0,0,0,0,6.51,0,0
811,Neco,Williams,3,0,0,1.32,1.76,2.2,9.56,0,0
812,Rubin,Colwill,1,0,0,0,0,0,0,0,0
813,Sorba,Thomas,1,0,0,0,0,0,0,0,0
814,Wayne,Hennessey,2,0,0,0,0,0,0,0,0
